{
  "accountAttributes": "Account Attributes",
  "accountMyWishlist": "My Wishlist",
  "accountNoCredits": "You have no store credits.",
  "accountNoOrders": "You have not placed any orders.",
  "accountNoReturns": "You have not requested any returns.",
  "accountNoWishlists": "You do not have any wishlist items.",
  "accountOptIn": "Please keep me up to date on store news and specials",
  "accountSettings": "Account Settings",
  "accountYourWishlist": "Your Wishlist",
  "actions": "Actions",
  "add": "Add",
  "addAddress": "Add new address",
  "addedToCart": "{0} has been added to your cart.",
  "addedToWishlist": "Added to wishlist",
  "additionalHandling": "Additional Handling",
  "additionalInformation": "Additional Information",
  "addNewCard": "Add new card",
  "addNewContact": "Add new address",
  "address": "Address",
  "addressBook": "Address Book",
  "addressType": "Address Type",
  "addressValidationError": "We could not validate this address. Please check the address you entered and try again.",
  "addToCart": "Add To Cart",
  "addToWishlist": "Add To Wishlist",
  "agreeToGDPR": "I agree to the <a target=\"_blank\" href=\"{0}\">GDPR terms &amp; conditions</a>.",
  "agreeToGDPRCheckout": "By submitting this order, you agree to the <a target=\"_blank\" href=\"{0}\">GDPR terms &amp; conditions</a>.",
  "agreeToTerms": "I agree to the terms &amp; conditions.",
  "all": "All",
  "allRightsReserved": "All rights reserved.",
  "anonAuthError": "Sorry, the information you provided did not match our records. Please check the information that you provided and try again or contact the customer service department.",
  "anonOrderNumberMissing": "The order number you provided was not found. Please validate the order number and try again or contact customer service.",
  "applePay": "Apple Pay",
  "apply": "Apply",
  "applyCredit": "Apply Credit",
  "availableBalance": "Available Balance",
  "availableNow": "Available Now",
  "billing": "Billing",
  "billingAddress": "Billing Address",
  "billingContact": "Billing Contact",
  "billingEmail": "Billing Email",
  "billingInformation": "Billing Information",
  "billingName": "Billing Name",
  "billingPhone": "Billing Phone",
  "billingPhoneNumber": "Billing Phone Number",
  "billingPostalCode": "Billing Zip Code",
  "bogaModalHeading": "Your Free BOGA Item",
  "bundleContents": "Bundle Contents",
  "bundleExtraPartOf": "Bought as optional extra for <a href=\"{0}\">{1}</a> bundle",
  "bundlePartOf": "Bought as part of <a href=\"{0}\">{1}</a> bundle",
  "bulkAddToCartErrors": "<h4>Issues adding the following to cart</h4> {0}",
  "bulkReorderErrors": "Issue with Reordering {0}",
  "b2bAccount": "B2B Account",
  "b2bAccountInfo": "Account Information",
  "b2bAccountInfoContact": "Contact Information",
  "b2bAccountWelcome": "Welcome, {0}",
  "b2bWishlistName": "List Name",
  "b2bProductPicker": "Product",
  "b2bWishlist": "List Items",
  "b2bQuantity": "Qty",
  "cancel": "Cancel",
  "cardBillingMissing": "Please select a billing contact for this credit card.",
  "cardExpInvalid": "Please enter an expiration date in the future",
  "cardNameMissing": "Please enter the name printed on your card",
  "cardNumber": "Card Number",
  "cardNumberMissing": "Please enter your card number",
  "cardType": "Card Type",
  "cardTypeMissing": "Please select your card type",
  "cart": "Cart",
  "cartEmpty": "You have no items in your cart.",
  "ccAmericanExpress": "American Express",
  "ccDiscover": "Discover",
  "ccJcb": "JCB",
  "ccMastercard": "MasterCard",
  "ccVisa": "Visa",
  "change": "change",
  "changePassword": "Change Password",
  "changeStore": "Change store",
  "checkByMail": "Check by Mail",
  "checkLocalStores": "Check Local Stores",
  "checkNumber": "Check Number",
  "checkOrderStatus": "Check Order Status",
  "checkout": "Checkout",
  "chooseShippingMethod": "Please select a shipping method.",
  "city": "City",
  "cityMissing": "City or town required",
  "clear": "Clear",
  "clearAllFilters": "Clear All Filters",
  "comments": "Comments",
  "commercial": "Commercial",
  "confirmationText": "Thank you for your order!  You will receive an email confirmation.",
  "confirmDeleteCard": "Are you sure you want to delete the credit card {0}?",
  "confirmDeleteContact": "Are you sure you want to delete the address {0}?",
  "confirmDeleteContact2": "This will delete all associated credit cards!",
  "confirmPassword": "Confirm Password",
  "confirmRemoveFromWishlist": "Are you sure you want to remove {0} from your wishlist?",
  "contactType": "Type",
  "country": "Country",
  "currency": "Currency",
  "countryMissing": "Please make a country selection",
  "couponCode": "Coupon Code",
  "couponDisclaimer": "Note: \"{0}\" may be reflected in checkout.",
  "createAccount": "Create an account for easy checkout on future orders",
  "creditAmount": "Credit Amount",
  "creditCard": "Credit Card",
  "creditDate": "Activation Date",
  "creditLimit": "Credit Limit",
  "customerAttributes": "Customer Attributes",
  "customAttributes": "Custom Attributes",
  "customerAlreadyExists": "A customer is already registered as {0}. <a href=\"/user/login?returnUrl={1}\">Login as this customer</a>",
  "damaged": "Product, box or envelope are damaged",
  "dateFormat": "F j, Y",
  "dealOfTheDay": "Deal of the Day",
  "default": "Default",
  "defaultPaymentMethod": "Default payment method",
  "defective": "Defective - does not work properly",
  "del": "Delete",
  "deliverTo": "Deliver To",
  "didNotAgreeToGDPR": "You must agree to the terms and conditions of the GDPR.",
  "didNotAgreeToTerms": "You must agree to the terms and conditions",
  "differentExpectations": "Different from what was expected",
  "digitalCodeAlreadyUsed": "This code has already been used.",
  "digitalCredit": "Gift Cards & Store Credits",
  "digitalCreditAddToAccount": "Add to my account",
  "digitalCreditAmtToUse": "Amt. to Apply",
  "digitalCreditApplied": "You have applied the following gift card or store credit payments to your order:",
  "digitalCreditAvailable": "You have the following gift cards & store credits available:",
  "digitalCreditBalance": "Balance",
  "digitalCreditCode": "Code",
  "digitalCreditExceedsBalance": "The amount to apply exceeds the total remaining.",
  "digitalCreditExpired": "This code expired on {0}.",
  "digitalCreditNoRemainingFunds": "This code has no remaining funds.",
  "digitalCreditNotYetActive": "This code does not become active until {0}.",
  "digitalCreditRemainder": "Remainder",
  "digitalCredits": "Gift Card & Store Credit",
  "digitalCreditsAnchor": "giftcards",
  "digitalCreditSubtractFromOrderPrefix": "(",
  "digitalCreditSubtractFromOrderSuffix": ")",
  "digitalCreditTotal": "Less: Store Credit",
  "digitalDelivery": "Digital Delivery",
  "digitalDeliveryOnly": "This item is available via digital delivery only.",
  "digitalDownload": "Digital Download",
  "digitalFulfillmentContact": "Digital Gift Card",
  "each": "Each",
  "edit": "Edit",
  "editAddress": "Edit saved address",
  "editSavedCard": "Edit saved credit card information",
  "email": "Email",
  "emailAddress": "Email Address",
  "emailClosing": "<p>Sincerely,<br /><br />Customer Service<br/>{0}</p>",
  "emailMissing": "Please enter a valid email address",
  "emailOpening": "<p>Hello {0}!</p>",
  "emailOpeningAlternative": "<p>Hello!</p>",
  "emailPasswordBottom": "<p>For security purposes, this link remains active only for the next 72 hours. If you did not make this password reset request, then ignore this email.  Thank you for shopping at {0}.</p>",
  "emailPasswordTop": "<p>We received a request to reset the password associated with this email address and the username {0}.  If you made this request, please click the link below, or copy and paste it into your browser's address window:</p>",
  "emptyCart": "Empty Cart",
  "enterDigitalCredit": "Enter Gift Card or Store Credit Code",
  "enterMinProductQuantity": "Minimum required quantity for purchase is {0}",
  "enterNewAddress": "Enter New Address",
  "enterNewPaymentMethod": "Enter a new payment method",
  "enterOtherComments": "Please enter a comment explaining the reason for this return.",
  "enterProductQuantity": "Please enter a product quantity above 0",
  "enterReturnQuantity": "Please enter a quantity above 1 to return.",
  "enterReturnReason": "Please select a return reason.",
  "enterStoreCredit": "Enter Store Credit Number",
  "errorApology": "Sorry, an error occurred.",
  "errorDetail": "Our software encountered an error it couldn't resolve.",
  "everywhere": "Everywhere",
  "exclusivePricelist": "The following items are not available for purchase and have been removed.",
  "expires": "Expires",
  "expiredCredit": "Credit Expired {0}",
  "findAtLocalStore": "Find it at a Local Store",
  "firstName": "First Name",
  "firstNameMissing": "First name required",
  "forgotPassword": "Forgot your password",
  "forgotPasswordLink": "forgot password?",
  "freeShipping": "Free Shipping",
  "from": "from",
  "fullDesc": "Description",
  "genericAcceptance": "{0} must be accepted",
  "genericEqualTo": "{0} must be the same as {1}",
  "genericLength": "{0} must be {1} characters",
  "genericMax": "{0} must be less than or equal to {1}",
  "genericMaxLength": "{0} must be at most {1} characters",
  "genericMin": "{0} must be greater than or equal to {1}",
  "genericMinLength": "{0} must be at least {1} characters",
  "genericNotFound": "Item was not found",
  "genericOneOf": "{0} must be one of: {1}",
  "genericPattern": "{0} must be a valid {1}",
  "genericRange": "{0} must be between {1} and {2}",
  "genericRangeLength": "{0} must be between {1} and {2} characters",
  "genericRequired": "This field is required",
  "giftCard": "Gift Card",
  "giftCardBalanceError": "There was a problem getting the gift card balance.",
  "giftCardAlreadyAdded": "The gift card has already been applied to this order.",
  "giftCardEmailAmount": "Gift Card Amount:",
  "giftCardEmailBanner": "<!--<a href=\"{0}\"><img src=\"//:0\"/></a>-->",
  "giftCardEmailClaimCode": "Claim Code:",
  "giftCardEmailClosing": "<p> If you have questions about redeeming your gift card, please visit <a href=\"http://{0}\">{0}</a> </p> <p>Sincerely,</p><p>Customer Service</p>",
  "giftCardEmailGreeting": "Hello {0} {1},",
  "giftCardEmailImage": "<!--<a href=\"{0}\"><img src=\"//:0\"/></a>-->",
  "giftCardEmailInstructions": "Follow these steps to redeem the gift card:<ul><li>Visit <a href=\"http://{0}\">{0}</a></li> <li>Enter the Claim Code when prompted during checkout.</li>   <li>Gift card funds will then be applied automatically to orders.<br/>NOTE: if you have an account, the remaining funds will be added to your account.  If you do not have an account, you will need to use the claim code again to use the remaining funds on any future purchases.</li> <li>You must pay for any remaining balance on your order with another payment method.</li>  </ul>",
  "giftCardEmailIntro": "<p>Thank you for purchasing a {0} Gift Card.  Do not delete this message -- to redeem the gift card you must use the gift card claim code below.  You may want to print a copy of this message for easy reference later.</p>",
  "giftCardNoBalance": "The gift card has no remaining balance.",
  "giftCardNumber": "Gift Card Number",
  "giftCardPaymentServiceError": "There was a problem saving the gift card to the payment service.",
  "giftCardTotal": "Less: Gift Cards",
  "giftMessage": "Gift Message",
  "guestCheckoutLink": "Continue As Guest",
  "height": "Height",
  "inStockBlob1": "<p>Thank you for shopping at {0}!  We have good news for you-- we now have the following item(s) in stock:</p>",
  "inStockBlob2": "<p>TO ADD THE ITEMS TO YOUR CART: <a href=\"http://{0}/p/{1}\">CLICK HERE</a>.</p>",
  "inStoreOnly": "This item is available in-store only.",
  "inStorePickup": "In-Store Pickup",
  "internationalSettings": "International Settings",
  "isActive": "Active",
  "item": "Item",
  "itemsShipped": "Shipment Details",
  "itemTotal": "Item Total",
  "lastName": "Last Name",
  "lastNameMissing": "Last name required",
  "late": "Arrived too late",
  "leaveOnWishlist": "Leave On Wishlist",
  "length": "Length",
  "localStores": "Local Stores",
  "locationWait": "We're searching for local stores. Your browser may ask for permission to use your location. Click \"Allow\" to sort the search results by distance.",
  "locationWaitProd": "We're searching local stores for <strong>{0}</strong>. Your browser may ask for permission to use your location. Click \"Allow\" to sort the search results by distance.",
  "logIn": "Log In",
  "logIn2": "Sign in to your account",
  "logInInput": "User Name or Email Address",
  "logOut": "Log Out",
  "mailCheckTo": "Mail check to",
  "mapPrice": "add to cart to see final price",
  "measurements": "Measurements",
  "mfgPartNumber": "Mfg. Part Number",
  "milesAway": "{0} miles away",
  "missing": "missing",
  "missingCheckoutPayments": "Somthing went very wrong and there seem to be no payments attached to the checkout",
  "missingParts": "Missing parts or accessories",
  "more": "more",
  "msrp": "MSRP",
  "multiShipAddressSummary": "Shipping to {0} addresses",
  "myAccount": "My Account",
  "myStore": "My Store",
  "nameOnCard": "Name On Card",
  "nameOnCheck": "Name On Check",
  "navMore": "More...",
  "newCreditCard": "New Credit Card",
  "newPassword": "New Password",
  "newPriceList": "You are now eligible for special pricing.",
  "newUserEmailNotification": "Your customer account has been created and you can log in anytime at <a href=\"http://{0}/\">http://{0}/</a> as {1}.",
  "newUserEmailSalutation": "Welcome to {0}",
  "next": "Next",
  "nextPage": "Next Page",
  "noFulfillmentInfoRequired": "No shipping information is required since all items will be picked up in the store or digitally fulfilled.",
  "noImages": "no image",
  "noLongerWanted": "No longer needed/wanted",
  "noNearbyLocations": "No nearby locations could be found.",
  "noNearbyLocationsProd": "No nearby locations could be found for this product.",
  "noPaymentRequired": "Your total is {0}, so no payment method is required.",
  "noPaymentWasRequired": "Your total was {0}, so no payment method was required.",
  "noResults": "No Results",
  "noResultsText": "We're sorry! No results were found matching your query.",
  "noResultsTitle": "No results for {0}",
  "noReturnableItems": "No Returnable Items Found",
  "noSavedCards": "You have no saved payment methods.",
  "noSavedContacts": "You have no saved addresses.",
  "noShippingMethods": "Sorry, no shipping methods are available.",
  "notifyWidgetButton": "Notify Me",
  "notifyWidgetError": "There was an error subscribing. Please try again.",
  "notifyWidgetHeader": "Notify me when this product is back in stock.",
  "notifyWidgetSuccess": "You will be notified when this product is back in stock.",
  "notPurchasable": "Not Purchasable",
  "of": "of",
  "oldPassword": "Old Password",
  "optIn": "Yes! I want to receive news and special offers from {0}!",
  "optionalComments": "Comments (Optional)",
  "options": "Options",
  "or": "or",
  "order": "Order",
  "orderConfirmation": "Order Confirmation",
  "orderConfirmationBlob1": "Thank you for shopping with us at {0}. Your order was received and we are preparing it for shipment.  If you would like to view or manage your orders, please visit <a href=\"http://{1}/myaccount\">My Account</a>.",
  "orderCreateReturn": "Create a Return",
  "orderDate": "Order Date",
  "orderDetails": "Order Details",
  "orderDigitalItems": "Fulfilled Digital Products",
  "orderHistory": "Order History",
  "orderItemsNotShipped": "Shipping Soon",
  "orderItemsPickup": "Pick up in store",
  "orderNo": "Order #",
  "orderNumber": "Order Number",
  "orderPackageFulfilled": "Fulfilled {0}",
  "orderPackagePrice": "Price",
  "orderPackageQuantity": "Quantity",
  "orderPackageShipped": "Your package is on it's way",
  "orderPlaced": "Order Placed",
  "orderReceived": "Your order has been received",
  "orderRefundBlob": "<p>Thank you for shopping at {0}. We wanted to let you know that a refund has been applied to your order.</p>",
  "orderShipmentBlob1": "<p>Thank you for shopping at {0}.  Your order has shipped. Once an order has shipped, it can no longer be updated. If you must return an item from this order or check on other orders,  please visit <a href=\"http://{1}/myaccount\">My Account</a>.</p>",
  "orderShipmentBlob2": "<p>Data on tracking may not show up in your account for at least 24 hours from ship date.</p>",
  "orderShipped": "Your Order Has Shipped",
  "orderShippedPkgHeader": "Shipped {0} via {1}",
  "orderStatus": "Order Status",
  "orderSummary": "Order Summary",
  "orderTotal": "Order Total",
  "orderTrackingDescription" : "International orders placed as a guest or single order lookup",
  "orderTrackingTitle" : "International Order Status",
  "orderWelcome": "Hello",
  "other": "Other (please comment)",
  "outOfStock": "Out of stock",
  "packageWeight": "Package Weight",
  "pageNotFound": "Page Not Found",
  "pageStatePlural": "Showing {0} - {1} of {2}",
  "pageStateSingular": "Showing 1 of 1",
  "password": "Password",
  "passwordChanged": "Password successfully changed",
  "passwordMissing": "Please enter a password",
  "passwordsDoNotMatch": "Passwords did not match, please reenter",
  "payPal": "Paypal Express",
  "payWithAmazon": "Pay With Amazon",
  "awsChangeAddress": "Change your Amazon shipping information",
  "aswChangeBilling": "Change your Amazon payment information",
  "awsCheckout": "Shipping & Billing Summary",
  "awsAddressWarning": "Note: For security reasons, if you change the shipping information, this order will not be eligible for Amazon payment protection.",
  "awsPaymentWarning": "Note: For security reasons, if you change the payment or billing information, this will no longer be a pay with Amazon transaction.",
  "awsNoShippingOptions": "No shipping methods found for selected address",
  "continue": "Continue",
  "paymentInformation": "Payment",
  "paymentMethod": "Payment Method",
  "paymentMethods": "Payment Methods",
  "payments": "Payments",
  "paymentType": "Payment Type",
  "paymentTypeMissing": "Please select a payment type",
  "paypalExpress": "PayPal Express",
  "paypalExpressCancelled": "The Paypal Express transaction was cancelled.  Please select another payment method.",
  "paypalExpressInfo": "When you click 'Next', you will be taken to PayPal to complete your transaction.",
  "paypalExpressSummary": "This transaction will be processed by PayPal Express.",
  "payPalTagline": "The safer, easier way to pay.",
  "phone": "Phone",
  "phoneMissing": "Phone number required",
  "pickupAt": "Pick up at:",
  "placeOrder": "Place Order",
  "pleaseSelect": "Please Select",
  "positionError": "Your position could not be determined. Displaying stores out of order.",
  "postalCode": "Zip/Postal Code",
  "postalCodeMissing": "Postal code required",
  "postalTown": "Postal Town",
  "poweredBy": "Kibo Software, Inc.",
  "previousPage": "Previous Page",
  "price": "Price",
  "primary": "Primary",
  "printWindowCancelButton": "Cancel",
  "printWindowPrintButton": "Print",
  "proceedToCheckout": "Checkout",
  "product": "Product",
  "productCode": "Product Code",
  "productImagePlaceholder": "[no image]",
  "promoCodeError": "Sorry, '{0}' is not an available coupon code at this time.",
  "promoCodeInvalid": "Sorry, '{0}' is not a valid coupon code.",
  "properties": "Properties",
  "province": "Province",
  "purchaseOrder": "Purchase Order",
  "purchaseOrderAmount": "Amount",
  "purchaseOrderCustomFieldMissing": "Purchase order field required, see below",
  "purchaseOrderNumber": "PO Number",
  "purchaseOrderNumberMissing": "Purchase order number required",
  "purchaseOrderPaymentTermMissing": "Payment term required",
  "purchaseOrderPaymentTerm": "Payment Term",
  "purchaseOrderPaymentTerms": "Payment Terms",
  "qty": "Qty",
  "quantityToReturn": "Quantity to Return",
  "reasonForReturn": "Reason for Return",
  "recalculatePayments": "Your order total has changed. Please re-enter your payment information to recalculate payment.",
  "reenterCVV": "Please verify your card's security code",
  "refund": "Refund",
  "register": "Register",
  "registeredCustomer": "Registered customer?",
  "remaining": "Remaining",
  "remainingBalance": "Remaining Balance",
  "remainingTotal": "Your remaining total is: ",
  "remove": "Remove",
  "removeFromWishlist": "Remove From Wishlist",
  "removePayment": "remove",
  "reorder": "Reorder",
  "replace": "Replace",
  "resetEmailSent": "You should receive an email with instructions to reset your password shortly.",
  "resetPassword": "Reset Password",
  "resetPasswordDone": "Your new password has been set. Please login.",
  "residential": "Residential",
  "resultsPerPage": "results per page",
  "return": "Return",
  "returnApprovedBlob1": "<p>Thank you for shopping at {0}. Your request to return the following item(s) has been accepted.</p>",
  "returnApprovedBlob2": "<p>To return your online purchase:</p><ol><li>Pack your return in the original shipping package, if possible.</li><li>Include the attached packing slip and return label, and indicate the reason for the return.</li><li>Include all original packing materials and accessories.</li><li>Send your return to:</li></ol>",
  "returnApprovedBlob3": "<p>You will receive another email when we receive the returned item(s).</p>",
  "returnClosedBlob1": "<p>Please be informed that we have completed processing your refund request. You will receive your refund within 3-5?? business days using the original payment method used when the purchase was placed.</p>",
  "returnClosedBlob2": "<p>If you require any additional assistance, please feel free to contact customer service</p>",
  "returnCreated": "Return Created",
  "returnDetails": "Return Details",
  "returnFailure": "Sorry, an error occurred trying to make your return",
  "returnInfo": "Please fill out this form to request a return. Returns are requested per item, rather than per order or shipment. View the <a href=\"/returnpolicy\" target=\"_blank\">Return Policy</a> to learn more.",
  "returnNumber": "Return Number",
  "returnOrReplace": "Return or Replace Items",
  "returnOtherBlob1": "<p>Thank you for shopping at {0}. We wanted to let you know that your return status is now {1}.</p>",
  "returnOtherBlob2": "<p>You will receive another email when we have processed your return.</p>",
  "returnPrintLabelButton": "Print",
  "returnReceivedBlob1": "<p>Thank you for shopping at {0}. We wanted to let you know that we have received the following returned items:</p>",
  "returnReceivedBlob2": "<p>You will receive another email when we have processed your return.</p>",
  "returnRejectedBlob1": "<p>Thank you for shopping at {0}. We regret to inform you that your request to return the following item(s) has been rejected:</p>",
  "returnRejectedBlob2": "<p>If you would like more information about our return and exchange policy, please visit our Return & Exchange Policy page.</p>",
  "returnRequestDate": "Return Request Date",
  "returnSuccess": "Return Successful",
  "returnTotal": "Amount Refunded",
  "returnType": "Return Type",
  "returnTypeRequested": "{0} Requested",
  "returning": "Returning",
  "returns": "Returns",
  "reviewOrder": "Complete Your Order",
  "reviewOrderText": "Please review all of the information on this page and, if necessary, make changes before placing your order.",
  "routingNumber": "Routing Number",
  "save": "Save",
  "saveCard": "Save credit card information",
  "savedCreditCard": "Saved Credit Card",
  "savedPaymentMethods": "Saved Payment Methods",
  "search": "Search",
  "searchResults": "Search Results",
  "searchResultsSummary": "Your search for \"{0}\" within {1} returned {2} results. <a href=\"#\" data-mz-action=\"expandSearch\">Repeat this search across all categories.</a>",
  "searchTitle": "Search Results for {0}",
  "securityCode": "Security Code (CVV2)",
  "securityCodeMissing": "Please enter your card's security code",
  "selectASavedCard": "Please select a saved card",
  "selectBillingAddress": "Select Billing Address",
  "selectPaymentType": "Select a payment type",
  "selectPurchaseOrderPaymentTerm": "Select a Payment Term",
  "selectSavedAddress": "Select a saved address",
  "selectSavedCreditCard": "Select a credit card",
  "selectSavedPaymentMethod": "Select a saved payment method",
  "selectStore": "Select Store",
  "selectValidAddress": "Select an address from these alternatives:",
  "sendEmail": "Send Email",
  "shipTo": "Ship To",
  "shipped": "Shipped",
  "shippedTo": "Shipped to",
  "shippingContact": "Shipping Contact",
  "shippingHandling": "Shipping & Handling",
  "shippingInformation": "Shipping",
  "shipItems": "Ship Items",
  "shippingMethod": "Shipping Method",
  "shortDesc": "Summary",
  "show": "Show",
  "shippingDestinationQuantityLabel": "Qty:",
  "shippingDestinationAddressLabel": "Address",
  "shippingDestinationSelect": "Select Address",
  "shippingDestinationNewAddress": "Add New Address",
  "shippingDestinationEditAddress": "Edit Address",
  "shippingDestinationAddAddress": "Ship to Another Address",
  "shippingDestinationRequiredError": "Please select a shipping addresses for all items.",
  "shippingMethodRequiredError": "Please select a shipping method for all items.",
  "shippingMethodsQuantity": "Qty.",
  "shippingTo": "Items shipping to",
  "signUp": "Sign Up",
  "signUpLink": "Create an Account",
  "sortBy": "Sort by",
  "sortByDateAsc": "Date Added: Most Recent Last",
  "sortByDateDesc": "Date Added: Most Recent First",
  "sortByNameAsc": "Alphabetical: A-Z",
  "sortByNameDesc": "Alphabetical: Z-A",
  "sortByPriceAsc": "Price: Low to High",
  "sortByPriceDesc": "Price: High to Low",
  "stackTrace": "Details",
  "state": "State",
  "stateOrProvince": "State/Province",
  "stateProvMissing": "State or province required",
  "status": "Status",
  "storeCredit": "Store Credit",
  "storeCreditCode": "Store Credit Code",
  "storeCreditApplied": "You have applied the following store credits to your order:",
  "storeCreditAvailable": "You have the following store credits available:",
  "storeCreditNumber": "Store Credit Number",
  "storeCredits": "Store Credits",
  "storeInformation": "Store Information",
  "storeName": "Store Name",
  "storePickup": "Store Pickup",
  "storePickupAt": "In-Store Pickup at <strong>{0}</strong>",
  "storePickupFor": "Store Pickup for <strong>{0}</strong>",
  "streetMissing": "Street address required",
  "submit": "Submit",
  "subtotal": "Subtotal",
  "suggestionNum": "Suggestion #{0}",
  "tax": "Tax",
  "taxAtCheckout": "Tax & Shipping Calculated at Checkout",
  "taxDuty": "Duties and Taxes",
  "total": "Total",
  "totalCreditBalance": "Total Credit Balance",
  "toggleToMultiShip": "I want to ship to multiple addresses",
  "toggleToSingleShip": "Ship to single address",
  "trackPackage": "Track Package",
  "trackingNumber": "Tracking Number",
  "unavailableForThisItem": "Unavailable for this item.",
  "unexpectedError": "Sorry, an unexpected error occurred. Please refresh the page and try again, or contact Support.",
  "upc": "UPC",
  "user": "User",
  "userRole": "User Role",
  "useShippingAddress": "Use my shipping address",
  "verification": "Verification",
  "verifyWith": "Verify With",
  "viewAllLists": "View All Lists",
  "viewAllOrders": "View All Orders",
  "viewAllReturns": "View All Returns",
  "viewCart": "View Cart",
  "viewOrderHistory": "View order history",
  "visaCheckoutEditReminder": "For security reasons you cannot edit the credit card information from Visa Checkout. If you proceed, your Visa Checkout details will be removed and this order will be processed without Visa Checkout.",
  "volumePriceMinMaxQty": "{0} - {1}",
  "volumePriceMinOnlyQty": "{0}+",
  "volumePriceQuantity": "Quantity",
  "volumePriceSavings": "Savings",
  "volumePriceUnitPrice": "Unit Price",
  "weight": "Weight",
  "whereToShip": "Where are we delivering to?",
  "width": "Width",
  "wrongCountryForType": "Please select a country supported for this contact type",
  "yourAccount": "Your Account",
  "yourOrderNumber": "Your order number is <strong>{0}</strong>."
}
